weekday,org,0
0,000webhost,2
0,126,20
0,172758,4
0,2018,4
0,3digiprints,11
0,3ding,10
0,3ds,1
0,BillHowell,2
0,GoDaddy,2
0,InsideApple,6
0,L3Harris,1
0,Mentor,2
0,Neo4j,4
0,Neotechnology,4
0,Pennmedicine,1
0,TRM,3
0,ZOONIVERSE,8
0,aamaadmiparty,52
0,academia,4
0,academia-mail,86
0,account,9
0,account-nvidia,6
0,accountprotection,27
0,accounts,61
0,acm,1
0,actu-lpfr,8
0,addmi,1
0,adum,27
0,afwerxchallenge,3
0,afwerxfusion,1
0,agencenavigoannuel,3
0,agents,12
0,aicte-india,5
0,airfrance,4
0,airpostmail,6
0,airtable,36
0,airtable-2,22
0,airvistara,3
0,alerts,1
0,aliexpress,11
0,alumni,1
0,am,2
0,amadeus,5
0,amazon,637
0,amdocs,1
0,amnh,5
0,angel,20
0,animalvetsci,1
0,anrt,2
0,api,4
0,apiai-a7bf10d275b3,2
0,arya,2
0,asana,3
0,aspiringmail,2
0,aspiringminds,3
0,asuswebstorage,11
0,atmel,2
0,audible,2
0,autodesk,30
0,axisbank,2
0,barbeque-nation,2
0,be,4
0,bg,2
0,bigbasket,19
0,birthdayfb,6
0,bizee,2
0,bluelighthost,1
0,bluemix,2
0,bntmailer,2
0,booking,3
0,bookmyshow,6
0,box8letters,3
0,bpest-dijon,1
0,brilliant,8
0,caisse-epargne,6
0,calendly,9
0,cambridge-intelligence,6
0,capellaspace,1
0,careernet,1
0,careers360,8
0,carwale,2
0,catalystcampus,1
0,causesmail,2
0,cbsnewsletter,4
0,ceidf,1
0,celestialsoftware,4
0,centralesupelec,307
0,change,30
0,chronopost,2
0,cibleicon,1
0,classroom,3
0,cleartrip,3
0,cloudbees,1
0,cloudflare,1
0,cloudns,11
0,clubvistara,3
0,cmsworkshops,6
0,cnvs,1
0,cocubes,33
0,codeanywhere,6
0,codecademy,10
0,codechef,6
0,codeproject,2
0,codeschool,16
0,codeship,3
0,comet,4
0,comet-mail,2
0,communication,2
0,computer,1
0,connect,9
0,connectifyme,2
0,coupondunia,6
0,coursera,376
0,crazydomains,16
0,creativedestructionlab,4
0,crimson,1
0,crm,34
0,crous-versailles,18
0,crowdai,6
0,crowdfightcovid19,3
0,cse,10
0,cseindia,1
0,customer,8
0,dailyspeak,8
0,datacamp,4
0,dataquest-0740d8e6e13d,2
0,deeplearning,3
0,deliver,8
0,dexterousdigitech,10
0,dfxnews,2
0,dgfip,2
0,dhingana,10
0,dialogflow,4
0,digital,6
0,digitalglobe-platform,3
0,discuss,150
0,diux,12
0,divx,2
0,docker,9
0,docs,3
0,donate,14
0,doodle,2
0,dropbox,16
0,dropboxmail,19
0,duolingo,54
0,e,71
0,e-mail,47
0,easychair,11
0,ebay,7
0,ecp,7
0,edm,28
0,educationation,2
0,edx,14
0,ee,1
0,elitmus,2
0,em,8
0,email,80
0,email-marriott,7
0,emailer,4
0,emails,7
0,emm,8
0,eng,1
0,enotice,2
0,entertainment,8
0,entropay,16
0,eos,10
0,epic,1
0,equitywatch,1
0,esa,3
0,eservices-laposte,1
0,evernote,5
0,exosaero,1
0,explore,2
0,f-career,1
0,f6s,2
0,facebookappmail,6
0,facebookmail,61
0,flipkart,36
0,flipkartletters,94
0,fnac,28
0,fotor,2
0,foursquare,2
0,franceconnect,1
0,freecharge-offers,4
0,freedomrewardz,4
0,freelancer,20
0,freepik-mail,1
0,freshdesk,3
0,freshersworld,72
0,freshworks,6
0,fun-campus,1
0,gaana,2
0,gaanamail,8
0,gate,4
0,gc,2
0,geeksforgeeks,2
0,getcu3er,2
0,github,301
0,glassdoor,42
0,globalhealth5050,1
0,gmail,266
0,go,8
0,godaddy,2
0,goindigo,5
0,google,269
0,googlegroups,2
0,googlemail,4
0,gotowebinar,2
0,granular,170
0,graymatics,2
0,grillorfry,4
0,guide2research,1
0,hackerearth,52
0,hackerrank,41
0,hackerrankmail,48
0,happnmail,1
0,healthconnect,2
0,heroku,2
0,hobbyking,2
0,hotmail,9
0,htc,14
0,hybridwares,1
0,hyperspacechallenge,3
0,icloud,4
0,id,12
0,idf,11
0,ieee,99
0,ieee-collabratec,16
0,iheartdogs-email,42
0,iiitb,5
0,iiitd,4864
0,iitd,14
0,iith,4
0,iitk,2
0,iitrpr,2
0,imdb,1
0,impetus,2
0,in,46
0,incontrolproductions,12
0,indeed,3
0,indiatimes,18
0,info,26
0,infosys,4
0,innerchef,14
0,inoxmovies,8
0,inria,16
0,insideapple,2
0,insure,2
0,internationaldriversassociation,1
0,internations,39
0,interviewbit,4
0,intl,15
0,invite,9
0,irctc,5
0,isical,2
0,kaggle,84
0,khanacademy,30
0,ktj,6
0,l2s,2
0,layoutit,2
0,limnu,9
0,linkedin,1045
0,lirmm,2
0,localcirclesmail,4
0,localhost,1
0,longcapture,1
0,lss,2
0,lucifro,2
0,m,70
0,madeeasy,2
0,magento,64
0,magoosh,6
0,mail,50
0,mail1,3
0,mailer,47
0,mailing,2
0,maillist,4
0,mails,19
0,mak,6
0,makemytrip,10
0,makemytripmails,2
0,mansys,1
0,manuscriptcentral,2
0,mapbox,22
0,maptive,10
0,marketing,33
0,marketplace,6
0,marmalademail,4
0,maruti,1
0,maxar,7
0,mbajunction,4
0,mc,4
0,media,1
0,medimanage,4
0,medium,143
0,mentor,54
0,messages,18
0,microsoft,9
0,mktg,1
0,mongodb,4
0,monsterindia,20
0,mp1,12
0,mpi-inf,14
0,msr-cmt,6
0,mu-sigma,3
0,mycalendarmail,6
0,mysliderule,6
0,naaptoldeals,4
0,namomail,2
0,naylormarketing,1
0,ncb,8
0,ncp,8
0,ndtvecommerce,6
0,nedm,8
0,neo4j,12
0,neotechnology,4
0,neptune,1
0,new,3
0,news,51
0,newsgram,4
0,newsletter,56
0,nist,2
0,nitkkr,2
0,no-ip,2
0,nobroker,6
0,non,5
0,notice,1
0,notifications,42
0,nptel,9
0,nvidia,81
0,nvidiadeveloper,9
0,olacabs,65
0,olamoney,6
0,oneclass,2
0,oneplus,10
0,oneplusstore,4
0,openreview,1
0,oracle-mail,6
0,orders,2
0,org_unknown,820
0,overleaf,6
0,owkin,4
0,papercept,3
0,pathable,1
0,paypal,2
0,paytm,12
0,paytmemail,20
0,payu,3
0,payzippy,2
0,pbmail,8
0,pesquet,8
0,phonepe,18
0,phpclasses,160
0,piazza,48
0,pinterest,8
0,pivotaltracker,3
0,planet,11
0,plus,39
0,policies,2
0,premiumjobalerts,2
0,primevideo,4
0,produitsetservices-laposte,8
0,pvrcinemas,11
0,qemailserver,1
0,quadkopters,10
0,quora,422
0,razorpay,2
0,rb,2
0,rcbazaar,1
0,rcgroups,8
0,readcube,3
0,ready4,1
0,realtimeboard,3
0,recruitment,2
0,reddit,1
0,redhat,1
0,rediffmail,1
0,rediffnotifications,2
0,redwolf,32
0,referhire,2
0,reglomobile,3
0,remail,6
0,remotemore,1
0,reply,68
0,repositoryhosting,21
0,research,4
0,research-mail,3
0,researchgate,30
0,researchgatemail,39
0,revolut,3
0,rit,3
0,royalsundaram,8
0,rs-components,17
0,ruprr,6
0,s-hr,8
0,saiconference,2
0,sampark,60
0,sbi,74
0,science-accueil,1
0,scitevents,2
0,se,26
0,segpay,2
0,send,211
0,sentinel-hub,5
0,sh01,6
0,shakeshack,2
0,shining3d,3
0,shop,16
0,shriramgeneral,2
0,shriramgi,2
0,si36,2
0,si53,3
0,signalprocessingsociety,43
0,simbla,2
0,skywatch,1
0,slack,123
0,sm,4
0,smtpmailbox,4
0,sourced,2
0,speakingtree,2
0,speed,1
0,splitwise,6
0,spotify,12
0,springboard,72
0,standupalice,135
0,staqu,23
0,state,66
0,statebankrewardz,23
0,stockroom,2
0,stripe,3
0,studapart,2
0,student,4
0,student-cs,4
0,studiosport,2
0,surveymonkey,2
0,surveysitemail,2
0,swagshirts99,1
0,symless,14
0,synergy-project,2
0,synthia-dataset,3
0,t,4
0,tagx,1
0,talisman-corporation,1
0,tapchief,3
0,tatadocomo,4
0,teamviewer,21
0,techaffinity,1
0,technolutions,3
0,techstars,2
0,techtud,2
0,telecom-sudparis,2
0,telecomlead,2
0,testondemand,2
0,theshein,5
0,thinkdigit,2
0,thomas-earnshaw,2
0,thomascook,35
0,tikona,6
0,time4education,4
0,timespoint,2
0,timespoints,4
0,tnt,4
0,todoist,1
0,topcoder,86
0,topresume,2
0,transferwise,21
0,travel,13
0,trello,19
0,trm,18
0,truecaller,4
0,trustpilotmail,2
0,tti-network,2
0,turing,2
0,tutorco,1
0,twitter,460
0,typeform,4
0,uber,1
0,udacity,116
0,ugcmailing,6
0,umich,3
0,un,2
0,un1,2
0,unisys,2
0,universite-paris-saclay,8
0,updates,34
0,upwork,68
0,us,8
0,usebackpack,1293
0,usgs,3
0,usief,26
0,uttyler,3
0,uva,2
0,velvetjobs,8
0,vfshelpline,7
0,vincerowatches,1
0,virtuosos,7
0,visale,3
0,visaops,4
0,vodafone,7
0,vrporn,2
0,walkfree,20
0,washingtonpost,6
0,wdc,2
0,web-spicejet,4
0,wifirst,2
0,wooe,6
0,workast,3
0,worldsim,2
0,wufoo,2
0,xoom,15
0,xprize,26
0,yahoo,2
0,yahoo-inc,3
0,ymail,2
0,yocket,6
0,youth4work,2
0,youtube,258
0,zeemaps,1
0,zen-makemytrip,16
0,zenysis,1
0,zoom,14
0,zoomgroup,16
0,zoov,8
0,zoov-support,3
0,zurich,2
1,000webhost,10
1,126,46
1,172758,2
1,2018,6
1,3dr,2
1,3ds,1
1,MachineLearningMastery,2
1,Neotechnology,6
1,STATE,1
1,ZOONIVERSE,10
1,aamaadmiparty,32
1,academia,2
1,academia-mail,37
1,account,4
1,accountprotection,15
1,accounts,66
1,acm,1
1,actu-lpfr,4
1,addmi,1
1,adobe,2
1,adum,23
1,afwerxchallenge,4
1,afwerxfusion,2
1,agents,15
1,airindia,1
1,airpostmail,8
1,airserbia,3
1,airtable,22
1,airtable-2,4
1,airvistara,8
1,aliexpress,10
1,altera,18
1,amazon,719
1,amdocs,2
1,ameli,1
1,amnh,25
1,ampleclick,2
1,angel,56
1,anrt,7
1,api,2
1,applemusic,1
1,aptech,2
1,arya,26
1,asana,2
1,aspiringminds,3
1,asuswebstorage,10
1,atcoder,3
1,audible,1
1,autosmail,1
1,avast,2
1,awseducate,15
1,battlefield,2
1,bbnl,2
1,be,2
1,bemyapp,1
1,bg,2
1,bigbasket,13
1,binghamton,3
1,birthdayfb,10
1,bizee,1
1,booking,6
1,bookmyforex,2
1,bookmyshow,7
1,box8letters,9
1,brain,2
1,brandshop,2
1,brilliant,126
1,buffalo,3
1,caisse-epargne,6
1,cakewalk,4
1,calendly,3
1,caltech,2
1,cambridge-intelligence,10
1,cardekho,2
1,careernet,2
1,careers360,2
1,catalystcampus,1
1,causesmail,4
1,cbica,1
1,cdac,4
1,ceidf,3
1,centralesupelec,228
1,change,26
1,chronopost,2
1,cinemax,6
1,cisco,2
1,citruspay,2
1,cityscapes-dataset,6
1,classroom,12
1,cleartrip,6
1,cloudHQ,2
1,cloudhq,3
1,cloudns,17
1,cmrjournal,2
1,cmsworkshops,3
1,cocubes,21
1,codalab,36
1,codeanywhere,6
1,codecademy,22
1,codechef,4
1,codeschool,18
1,codeship,10
1,collegeprachaar,2
1,com-lpfr,1
1,comet,9
1,comet-mail,2
1,cometml,1
1,commtrends,2
1,computer,1
1,connectifyme,2
1,contact-adh-assurances,3
1,coupondunia,8
1,coursera,112
1,crazydomains,44
1,create,2
1,creately,2
1,creativedestructionlab,1
1,crm,40
1,cromaretail,1
1,crous-versailles,14
1,crowdai,4
1,cs,3
1,cse,3
1,cseindia,4
1,customer,5
1,cvc,2
1,dailyspeak,2
1,datacamp,54
1,dataquest-0740d8e6e13d,4
1,ddunationalseminarsc,2
1,deeplearning,1
1,deliver,35
1,design,2
1,dexterousdigitech,14
1,dfxnews,2
1,dgfip,1
1,dhingana,2
1,dhl,4
1,dhruvkumarjha,1
1,dialogflow,2
1,digital,4
1,directvote,2
1,discuss,6
1,diux,3
1,divx-newsletters,2
1,diydrones,2
1,dmrc,6
1,docker,3
1,docs,6
1,donate,12
1,doodle,61
1,dropbox,29
1,dropboxmail,4
1,dtu,8
1,duolingo,57
1,dvc,1
1,e,76
1,e-mail,50
1,easychair,2
1,ebay,14
1,economictimesonline,1
1,ecp,7
1,edm,20
1,edx,160
1,eesmail,3
1,eezyrent,8
1,elitmusmail,6
1,elxer,1
1,em,8
1,email,105
1,email-marriott,4
1,email1,2
1,emailer,6
1,emails,16
1,eng,2
1,engage,1
1,entertainment,22
1,entropay,10
1,eos,11
1,epfl,2
1,equitywatch,1
1,esa,3
1,eservices-laposte,2
1,et,6
1,evelynlearning,1
1,explore,2
1,external,2
1,f6s,5
1,fabhotels,1
1,facebookmail,42
1,filestack,1
1,flashrecruit,4
1,flickr,1
1,flipkart,23
1,flipkartletters,130
1,flipkartmail,4
1,flipkartpromotions,4
1,fnac,18
1,franceconnect,2
1,franz,2
1,fraport,3
1,freedomrewardz,2
1,freelancer,12
1,freepik-mail,4
1,freshdesk,8
1,freshersworld,55
1,freshworks,4
1,fun-campus,1
1,funaster,4
1,gaanainfo,2
1,gaanamail,8
1,gate,4
1,gc,2
1,geeksforgeeks,4
1,geeps,2
1,getcu3er,4
1,getpostman,14
1,github,502
1,glassdoor,24
1,gmail,293
1,go,9
1,godaddy,6
1,goindigo,4
1,google,1810
1,googlegroups,16
1,googlemail,3
1,gotinder,6
1,gotowebinar,2
1,granular,168
1,graymatics,6
1,grillorfry,4
1,groupiop,2
1,guide2research,5
1,hackerearth,67
1,hackerrank,44
1,hackerrankforwork,3
1,hackerrankmail,46
1,healthconnect,1
1,heroku,4
1,hobbyking,2
1,hotmail,4
1,htc,16
1,hyperspacechallenge,6
1,ibest,2
1,icloud,2
1,id,1
1,idf,21
1,ieee,123
1,ieee-collabratec,15
1,iheartdogs-email,18
1,iiitb,2
1,iiitd,4635
1,iitd,8
1,iith,2
1,iitk,2
1,iitm,1
1,iitp,1
1,iitrpr,2
1,ijotam,1
1,ijsspe,1
1,iledefrance-mobilites,1
1,ilogo,4
1,imaginecup,6
1,imdb,5
1,imindmap,3
1,impactathon,3
1,impartus,3
1,in,9
1,indiatimes,140
1,info,35
1,innerchef,30
1,inoxmovies,12
1,inria,28
1,insideapple,2
1,insure,2
1,internations,2
1,interviewbit,2
1,intetics,2
1,invite,6
1,irctc,12
1,is,2
1,isical,4
1,izly,6
1,joytunes,3
1,kaggle,99
1,khanacademy,16
1,kivuto,3
1,klarkwrist,2
1,kotak,2
1,ktj,14
1,l2s,3
1,layoutit,3
1,linkedin,658
1,lirmm,1
1,localcirclesmail,14
1,lri,2
1,lss,2
1,m,82
1,magento,40
1,magoosh,15
1,mail,83
1,mailer,92
1,mailing,2
1,maillist,4
1,mails,14
1,mak,4
1,makemytrip,24
1,makemytripmails,2
1,mansys,1
1,manuscriptcentral,16
1,mapbox,26
1,maptive,1
1,marketing,45
1,marketplace,2
1,mashape,2
1,maxar,2
1,mb,1
1,mbajunction,6
1,mc,2
1,mech,6
1,media,33
1,medium,138
1,menara,4
1,mentor,76
1,messages,48
1,microsoft,2
1,minglebox,2
1,mitacs,2
1,mktg,2
1,moneygram,3
1,mongodb,6
1,monsterindia,54
1,mp1,9
1,mpi-inf,8
1,mpi-klsb,2
1,msr-cmt,16
1,mx2,2
1,myntra,4
1,mysliderule,4
1,mysql,2
1,myzapak,4
1,naaptoldeals,10
1,national,2
1,ncb,8
1,ncp,6
1,ndtvecommerce,14
1,nedm,20
1,neo4j,14
1,neotechnology,2
1,neptune,3
1,news,56
1,newsgram,14
1,newsletter,59
1,ni,3
1,nitropdf,4
1,nitrr,1
1,no-ip,4
1,nobroker,6
1,non,3
1,notice,2
1,notifications,60
1,notify,1
1,nptel,20
1,nrsc,3
1,nsit,4
1,nullshot,2
1,nvidia,104
1,nvidiadeveloper,6
1,olacabs,54
1,olamoney,3
1,oneclass,2
1,oneplus,8
1,oneplusstore,6
1,openreview,1
1,oracle-mail,4
1,orders,1
1,org_unknown,857
1,outernet,2
1,overleaf,5
1,owkin,1
1,paypal-customerfeedback,2
1,paypal-exchanges,4
1,paytm,8
1,paytmemail,20
1,payzippy,2
1,pbmail,2
1,pesquet,5
1,phonepe,3
1,phpclasses,134
1,piazza,63
1,piazzacareers,6
1,pinterest,2
1,planet,11
1,plot,6
1,plus,12
1,primevideo,6
1,property,2
1,pvrcinemas,30
1,pypi,1
1,quadkopters,22
1,quora,503
1,rapidapi,18
1,razorpay,2
1,rb,4
1,rcbazaar,4
1,rcgroups,4
1,realtimeboard,9
1,rediffmail,1
1,redwolf,60
1,referhire,16
1,reply,76
1,repositoryhosting,75
1,researchgate,96
1,researchgatemail,3
1,revolut,5
1,ride,3
1,rit,7
1,robots,1
1,rootwork,1
1,rs-components,44
1,ruprr,10
1,saiconference,1
1,sailcareers,2
1,sampark,96
1,sbi,95
1,sc,6
1,sdl,1
1,se,28
1,securelconnect,2
1,send,75
1,server2,2
1,sg,6
1,sh01,2
1,shakeshack,3
1,sharelatex,1
1,shining3d,1
1,shop,14
1,shriramgeneral,2
1,shriramgi,4
1,si36,8
1,si53,2
1,signalprocessingsociety,50
1,skywatch,1
1,slack,55
1,sm,5
1,smartystreets,2
1,smartystreets-chat,2
1,softzen,1
1,sourced,2
1,spicejet,3
1,splitwise,17
1,spotify,15
1,springboard,36
1,stackexchange,2
1,standupalice,142
1,staqu,20
1,state,59
1,statebankrewardz,52
1,student,1
1,student-cs,6
1,successfactors,3
1,supelec,2
1,surtri,4
1,surveymonkeyuser,2
1,swagshirts99,3
1,swiggy,5
1,symless,12
1,synlab,1
1,t,7
1,tagx,1
1,takamul,2
1,talisman-corporation,3
1,tatadocomo,3
1,technophilia,4
1,techstars,2
1,telecom-sudparis,8
1,testondemand,4
1,theshein,5
1,thesignals,2
1,thomas-earnshaw,3
1,thomascook,43
1,tikona,2
1,timelesslearntech,2
1,timespoints,4
1,todoist,2
1,topcoder,69
1,topresume,2
1,toptalent,30
1,transferwise,18
1,travel,3
1,trello,22
1,trends-temple,1
1,truelancr,2
1,tue,2
1,tufinawatches,6
1,turing,1
1,twenty19,7
1,twitter,456
1,typeform,1
1,u-psud,1
1,uber,2
1,ubigi,4
1,udacity,126
1,umich,4
1,un,6
1,unisys,4
1,univ-mlv,6
1,universite-paris-saclay,9
1,unqiueindia,2
1,updates,30
1,upwork,1
1,us,18
1,usc,1
1,usebackpack,912
1,usief,114
1,ustraveldocs,2
1,uva,2
1,uvpn,2
1,vairdo,2
1,velvetjobs,10
1,versailles,1
1,vfsglobal,3
1,vfshelpline,10
1,videoken,2
1,vincerowatches,3
1,virtualtaboo,1
1,virtuosos,9
1,visale,5
1,visaops,1
1,visme,2
1,vito,6
1,vodafone,3
1,walkfree,16
1,washingtonpost,11
1,way2sms,2
1,web-spicejet,3
1,whatpulse,2
1,wish,1
1,witai-2,2
1,wix,2
1,wolfram,3
1,wooe,2
1,wordpress,2
1,workast,3
1,xprize,16
1,yahoo,30
1,youth4work,2
1,youtube,203
1,zeemaps,2
1,zen-makemytrip,12
1,zen2-makemytrip,1
1,zenysis,1
1,zoom,21
1,zoomgroup,12
1,zoov,9
1,zoov-support,3
2,000webhost,20
2,126,22
2,163,6
2,172758,2
2,2018,4
2,365premium,4
2,3ds,1
2,60,2
2,InsideApple,3
2,Mentor,4
2,Pennmedicine,1
2,ZOONIVERSE,4
2,aaai,1
2,aamaadmiparty,42
2,academia-mail,76
2,account,11
2,accountprotection,25
2,accounts,49
2,aciek-academy,1
2,acmicpc,2
2,actu-lpfr,4
2,admin,4
2,adum,19
2,aero,4
2,afraid,2
2,afwerxchallenge,1
2,agents,9
2,aicte-india,3
2,airpostmail,8
2,airserbia,5
2,airtable,92
2,airtable-2,11
2,airvistara,12
2,alerts,5
2,algorithmia,1
2,aliexpress,10
2,altera,10
2,alumni,2
2,am,1
2,amazon,630
2,amdocs,2
2,amnh,10
2,andromedapublisher,1
2,angel,7
2,anrt,7
2,apiai-a32c4dd4b716,4
2,applemusic,4
2,arya,27
2,aryaemailer,3
2,aspiringminds,11
2,asuswebstorage,11
2,atcoder,6
2,autosmail,1
2,awseducate,10
2,axisbank,2
2,barconlineexam,2
2,be,6
2,bg,2
2,bigbasket,24
2,birthdayfb,8
2,bitbucket,3
2,bizee,4
2,bookmyforex,8
2,bookmyshow,5
2,brain,2
2,brandedme,4
2,brandshop,4
2,brilliant,10
2,bsnl,2
2,buyforexonline,3
2,caisse-epargne,6
2,cakewalk,2
2,calendly,6
2,cambridge-intelligence,9
2,careernet,1
2,careers360,6
2,catalystcampus,3
2,causesmail,2
2,cdac,2
2,ceidf,2
2,centralesupelec,260
2,change,20
2,chegg,2
2,chronopost,1
2,citruspay,4
2,classroom,30
2,cleartrip,3
2,cloud,1
2,cloudHQ,8
2,cloudbees,2
2,cloudns,19
2,clubvistara,3
2,cmsworkshops,6
2,cocubes,19
2,codalab,24
2,codeanywhere,3
2,codecademy,34
2,codechef,2
2,codeschool,34
2,codeship,3
2,colorado,3
2,comet,2
2,comet-mail,2
2,compbuzz,2
2,computer,1
2,connect,6
2,connectifyme,6
2,coupondunia,12
2,coursera,132
2,crazydomains,28
2,creately,2
2,creativedestructionlab,1
2,crm,40
2,cromaretail,1
2,crous-versailles,13
2,crowdai,6
2,crowdcast,2
2,crowdfightcovid19,7
2,cs,9
2,cse,5
2,cseindia,3
2,custcomm,3
2,dailyspeak,8
2,databolt,1
2,datacamp,56
2,dataquest-0740d8e6e13d,4
2,deeplearning,116
2,delhi,2
2,deliver,25
2,dexterousdigitech,17
2,dgfip,1
2,dhingana,4
2,digital,4
2,digitalglobe-platform,3
2,diplomatie,1
2,discuss,27
2,diu,1
2,diux,6
2,diydrones,6
2,docker,3
2,donate,18
2,doodle,3
2,doselect,3
2,dropbox,27
2,dropboxmail,29
2,duolingo,70
2,e,158
2,e-mail,54
2,easychair,20
2,ebay,14
2,ebs,4
2,ecp,8
2,edm,36
2,educationation,8
2,edx,14
2,ee,1
2,eezyrent,2
2,elastichosts,2
2,em,13
2,email,102
2,email-marriott,6
2,emailer,8
2,emails,55
2,emm,2
2,engage,3
2,entertainment,23
2,entropay,6
2,eos,9
2,equitywatch,1
2,eudyptula-challenge,5
2,evelynlearning,3
2,eventbrite,6
2,evernote,6
2,f6s,4
2,facebookappmail,4
2,facebookmail,46
2,fccashback,4
2,flat,2
2,flipkart,27
2,flipkartletters,168
2,flipkartmail,6
2,flipkartpromotions,4
2,fnac,12
2,foodie,2
2,foursquare,4
2,franceconnect,2
2,franz,6
2,freecharge,4
2,freedomrewardz,2
2,freekacharge,2
2,freelancer,8
2,freepik-mail,22
2,freshdesk,8
2,freshersworld,65
2,gaana,2
2,gaanainfo,8
2,gaanamail,6
2,geeksforgeeks,2
2,geeps,2
2,getpostman,6
2,github,300
2,gitlab,2
2,glassdoor,70
2,globalfashion,2
2,gmail,289
2,go,27
2,goindigo,2
2,google,318
2,googlegroups,4
2,googlemail,4
2,gotowebinar,2
2,granular,152
2,grillorfry,4
2,groupiop,2
2,hackerearth,136
2,hackerearthmailers,2
2,hackerrank,69
2,hackerrankmail,50
2,healthconnect,2
2,healthie,2
2,heroku,4
2,horosproject,1
2,hotmail,5
2,htc,18
2,htcdev,4
2,hybridwares,1
2,hyperspacechallenge,10
2,i,2
2,iadvize,1
2,idf,12
2,ieee,116
2,ieee-collabratec,13
2,ifpen,1
2,iheartdogs-email,8
2,iiitd,4729
2,iitd,6
2,iith,2
2,iitj,1
2,iitk,2
2,image-net,1
2,imaginecup,8
2,imdb,6
2,impactathon,2
2,impetus,1
2,in,38
2,incontrolproductions,33
2,indeed,4
2,indiatimes,14
2,info,33
2,infoaxe,4
2,innerchef,10
2,innovaccer,3
2,inoxmovies,10
2,inria,10
2,insideapple,4
2,insure,2
2,internations,5
2,intetics,6
2,intl,9
2,invite,2
2,irctc,14
2,ivcmr,1
2,ixigo,2
2,izly,1
2,jiit,2
2,join,3
2,kaggle,103
2,khanacademy,20
2,ktj,6
2,l2s,1
2,legal,2
2,libero,1
2,linkedin,780
2,localcirclesmail,10
2,logaster,4
2,lookout,2
2,lri,1
2,lss,2
2,m,20
2,m2i,2
2,madeeasy,2
2,magento,16
2,mail,90
2,mailer,122
2,mailers,1
2,maillist,6
2,mails,48
2,mak,10
2,makemytrip,46
2,makemytripmails,4
2,man-pasand,2
2,mansys,1
2,manuscriptcentral,2
2,mapbox,28
2,marketing,22
2,marketplace,2
2,marmalademail,8
2,maxar,15
2,mbajunction,2
2,mc,2
2,mech,2
2,media,5
2,medium,146
2,members,1
2,mentor,84
2,messages,55
2,microsoft,6
2,mktg,1
2,mobikwik,2
2,mongodb,1
2,monsterindia,10
2,moqups,2
2,mp1,8
2,mpi-inf,4
2,msr-cmt,8
2,mu-sigma,2
2,myntra,8
2,mysliderule,8
2,myworkday,3
2,naaptoldeals,10
2,naukri,1
2,naylormarketing,4
2,ncb,14
2,ncp,4
2,ndtvecommerce,4
2,nedm,12
2,neo4j,10
2,neotechnology,6
2,neptune,3
2,new,12
2,news,108
2,newsgram,23
2,newsletter,50
2,ni,6
2,nitkkr,1
2,nitrr,4
2,no-ip,1
2,non,17
2,nordaccount,1
2,notifications,52
2,notify,4
2,nptel,9
2,nrsc,3
2,nsit,4
2,nullshot,2
2,nvidia,125
2,olacabs,48
2,olamoney,4
2,olx,8
2,one,2
2,oneplus,8
2,oneplusstore,2
2,onlinerti,12
2,oracle-mail,22
2,org_unknown,811
2,outlook,4
2,overleaf,19
2,owkin,2
2,papersapp,9
2,paybyphone,2
2,paytm,7
2,paytmemail,32
2,payu,3
2,pearson,1
2,pesquet,3
2,phonepe,19
2,phpclasses,138
2,piazza,63
2,planet,12
2,plus,18
2,policybazaar,2
2,polimi,1
2,premiumjobalerts,2
2,primevideo,4
2,printfection,3
2,projecteuler,4
2,proto,1
2,public,2
2,pvrcinemas,19
2,quadkopters,8
2,quikreasyinfo,3
2,quora,392
2,rapidapi,16
2,razorpay,4
2,rcbazaar,9
2,rcgroups,6
2,rdio,2
2,readcube,3
2,readlang,3
2,readme,1
2,reddit,1
2,redhat,1
2,rediffmail,1
2,redwolf,54
2,referhire,7
2,reglomobile,3
2,remisesetreductions,2
2,reply,79
2,reply1,2
2,repositoryhosting,6
2,researchgate,45
2,researchgatemail,21
2,revolut,2
2,ride,6
2,rit,7
2,robots,1
2,rs-components,28
2,ruprr,10
2,sampark,62
2,sbi,67
2,schneider-electric,2
2,science-accueil,2
2,scitevents,3
2,sdl,1
2,se,22
2,securelconnect,4
2,send,57
2,sentinel-hub,6
2,service,2
2,sg,3
2,sh01,2
2,shakeshack,2
2,sharelatex,3
2,shining3d,5
2,shop,14
2,si36,4
2,si53,1
2,signalprocessingsociety,63
2,skywatch,4
2,slack,48
2,sm,6
2,smtpmailbox,2
2,snapdeals,2
2,socgen,3
2,socialalpha,1
2,softbankrobotics,3
2,speakingtree,2
2,spgjedu,1
2,splitwise,12
2,spoj,2
2,spotify,12
2,springboard,44
2,stackoverflow,4
2,standupalice,137
2,stanford,4
2,staqu,34
2,state,22
2,statebankrewardz,46
2,student,6
2,supelec,2
2,support,2
2,surveymonkeyuser,3
2,surveysitemail,2
2,susestudio,1
2,swagshirts99,1
2,swiggy,10
2,symless,16
2,t,5
2,takamul,2
2,tatadocomo,3
2,taxiforsure,2
2,teabox,1
2,teamviewer,11
2,techject,2
2,technoidentity,2
2,techstars,1
2,techtud,4
2,telecom-sudparis,7
2,testondemand,2
2,thefork,3
2,theshein,7
2,thomas,1
2,thomas-earnshaw,1
2,thomascook,39
2,tikona,2
2,timespoints,8
2,tnt,4
2,todoist,1
2,toluna,2
2,topcoder,113
2,topresume,2
2,toptalent,4
2,transferwise,8
2,travel,7
2,trello,40
2,trigger,2
2,trm,2
2,tti-network,2
2,tue,15
2,twitter,531
2,typeform,3
2,u-psud,1
2,uber,12
2,udacity,118
2,uir,2
2,um,4
2,umich,2
2,un,2
2,un1,2
2,unisys,6
2,univ-mlv,1
2,universite-paris-saclay,5
2,unqiueindia,2
2,updates,32
2,ups,7
2,upwork,10
2,us,19
2,usebackpack,921
2,usief,54
2,vairdo,4
2,velvetjobs,8
2,versailles,7
2,vfsglobal,9
2,vfshelpline,9
2,vincerowatches,3
2,virtuosos,6
2,visale,1
2,visaops,1
2,visme,1
2,vodafone,4
2,walkfree,18
2,washingtonpost,9
2,web-spicejet,3
2,websitetemplatesonline,2
2,wipro,1
2,wish,4
2,wit,3
2,wolfram,3
2,wooe,2
2,xname,1
2,xoom,12
2,xprize,19
2,yahoo,30
2,yandex,1
2,youth4work,2
2,youtube,223
2,zen-makemytrip,12
2,zen2-makemytrip,1
2,zenysis,1
2,zepass,12
2,zettaset,1
2,zoom,16
2,zoomgroup,18
2,zoov,8
2,zoov-support,1
3,000webhost,4
3,126,25
3,2018,12
3,365premium,4
3,86282,2
3,InsideApple,9
3,Magento,2
3,ZOONIVERSE,8
3,aamaadmiparty,28
3,academia,6
3,academia-mail,50
3,acces-neovote,2
3,account,2
3,accountprotection,11
3,accounts,70
3,acm,1
3,acmicpc,2
3,acsir,2
3,actu-lpfr,6
3,adh-assurances,1
3,adm,1
3,adobe,2
3,adultfriendfinder,2
3,adum,20
3,afraid,2
3,afwerxchallenge,5
3,agencenavigo,6
3,agents,3
3,aicte-india,3
3,airpostmail,8
3,airtable,20
3,airtel,1
3,airvistara,3
3,aliexpress,8
3,altera,2
3,alumni,1
3,amazon,670
3,ames-it-solutions,3
3,amnh,6
3,angel,165
3,anrt,1
3,aoni,4
3,apiai-a32c4dd4b716,2
3,applemusic,4
3,arxiv,1
3,arya,4
3,asuswebstorage,12
3,asvspoof,4
3,atcoder,2
3,autodesk,12
3,autosmail,1
3,avast,2
3,awidit,2
3,awseducate,6
3,barconlineexam,4
3,bbnl,2
3,be,2
3,bg,4
3,bigbasket,36
3,binghamton,3
3,birthdayfb,8
3,bitbucket,6
3,bizee,2
3,blablacar,3
3,booking,10
3,bookmyshow,2
3,box8letters,9
3,brain,2
3,brandshop,6
3,brilliant,16
3,caTechnologies,1
3,caisse-epargne,3
3,calendly,4
3,cambridge-intelligence,10
3,cardekho,2
3,careernet,4
3,careers360,2
3,catalystcampus,2
3,causesmail,2
3,cdconnect,2
3,ceidf,3
3,centralesupelec,259
3,change,42
3,chronopost,1
3,cibleicon,1
3,classroom,6
3,cleartrip,3
3,cloudlinux,1
3,cloudns,3
3,clubvistara,6
3,cnvs,2
3,cocubes,42
3,codalab,12
3,codeanywhere,6
3,codecademy,26
3,codechef,29
3,codefactor,3
3,codeschool,26
3,codeship,14
3,collegeprachaar,2
3,colorado,4
3,comet,14
3,comet-mail,2
3,communication,4
3,computer,1
3,connect,36
3,connect-passengers,2
3,connectifyme,4
3,contact-adh-assurances,1
3,copernicus,9
3,coupondunia,34
3,coursera,152
3,crazydomains,49
3,crm,54
3,cromaretail,1
3,crosshairscommunication,1
3,crous-versailles,14
3,crowdai,3
3,crowdfightcovid19,4
3,cs,9
3,cseindia,7
3,csphclrectt14,1
3,customer,4
3,dailyspeak,16
3,datacamp,14
3,dataquest,2
3,dataquest-0740d8e6e13d,4
3,dcoder,3
3,ddunationalseminarsc,4
3,deeplearning,6
3,delhi,2
3,deliver,23
3,dexterousdigitech,13
3,dgfip,1
3,dhingana,8
3,digital,6
3,digitalglobe-platform,6
3,diguy,2
3,directvote,1
3,discuss,12
3,diu,1
3,diux,9
3,diydrones,1
3,docker,5
3,dominosmails,2
3,donate,26
3,doodle,13
3,drivendata,1
3,dropbox,33
3,dropboxmail,32
3,dtdc,6
3,dtu,6
3,duolingo,57
3,e,162
3,e-mail,64
3,easychair,11
3,ebay,4
3,ecp,13
3,edm,32
3,educationation,6
3,edx,18
3,eer,3
3,eezyrent,2
3,eic9u377u1v5po,2
3,elitmusmail,2
3,elsevier,2
3,elxer,2
3,em,11
3,email,96
3,email-marriott,9
3,emailer,12
3,emails,10
3,emm,2
3,eng,3
3,engage,2
3,ens,1
3,entertainment,63
3,entropay,8
3,eos,17
3,eservices-laposte,2
3,eudyptula-challenge,4
3,eventbrite,2
3,evernote,3
3,expertrating,2
3,explore,4
3,f6s,2
3,facebookappmail,6
3,facebookmail,37
3,factset,4
3,fedex,3
3,filestack,2
3,flipkart,41
3,flipkartletters,138
3,flipkartmail,10
3,flipkartpromotions,2
3,fnac,13
3,fotor,2
3,foxmail,1
3,france-visas,2
3,freelancer,2
3,freepik-mail,7
3,freshdesk,2
3,freshersworld,73
3,freshworks,2
3,fsmp,3
3,gaanamail,18
3,gate,2
3,gc,2
3,geeksforgeeks,2
3,geeps,5
3,getpostman,14
3,github,268
3,glassdoor,24
3,gliffy,2
3,globalhealth5050,1
3,gmail,304
3,go,5
3,godaddy,4
3,goindigo,3
3,google,929
3,googlegroups,6
3,googlemail,3
3,gotinder,3
3,granular,120
3,grillorfry,2
3,gskpurchase,1
3,guide2research,2
3,hackerearth,174
3,hackerrank,96
3,hackerrankmail,72
3,healthconnect,2
3,heroku,4
3,horosproject,3
3,hotmail,1
3,htc,14
3,hyperspacechallenge,3
3,id,12
3,idf,9
3,ieee,92
3,ieee-collabratec,10
3,iheartdogs-email,30
3,iiitd,5117
3,iitd,6
3,iith,2
3,iitj,1
3,iitrpr,3
3,image-net,2
3,imaginecup,2
3,imdb,5
3,impetus,2
3,in,28
3,incontrolproductions,9
3,indeed,1
3,indeedemail,2
3,indianoil,1
3,indiatimes,8
3,indigo-trends,1
3,info,41
3,innerchef,16
3,inoxmovies,10
3,inria,20
3,insideapple,4
3,internations,19
3,interviewbit,6
3,intetics,1
3,invite,6
3,irctc,12
3,itunes,3
3,ixigo,3
3,justdial,4
3,kaggle,98
3,khanacademy,28
3,kotak,2
3,ktj,8
3,lama-app,3
3,landing,1
3,layoutit,2
3,leanpub,2
3,learnml,1
3,linkedin,289
3,lirmm,2
3,localcirclesmail,8
3,localhost,1
3,lss,2
3,lucifro,2
3,m,132
3,m2i,4
3,magento,22
3,magoosh,9
3,mail,144
3,mailclues,2
3,mailer,198
3,mailer1,32
3,mailers,5
3,mailing,2
3,maillist,4
3,mails,28
3,mak,12
3,makemytrip,10
3,makemytripmails,2
3,mansys,1
3,manuscriptcentral,6
3,mapbox,30
3,marketing,51
3,marketmetrics,2
3,marketplace,2
3,maruti,1
3,mathworks,3
3,maxar,2
3,mb,1
3,mbajunction,6
3,mc,2
3,media,7
3,medium,141
3,meeshkan,1
3,menara,2
3,mentor,114
3,messages,42
3,metaspectral,1
3,microsoft,2
3,miro,1
3,mktg,1
3,mongodb,4
3,monsterindia,42
3,mp1,37
3,mpi-inf,6
3,mpi-sb,3
3,msr-cmt,13
3,mx2,2
3,myntra,4
3,naaptoldeals,6
3,naaptoldealz,2
3,namomail,2
3,national,1
3,naylormarketing,6
3,ncb,8
3,ncp,9
3,ndtvecommerce,20
3,nedm,10
3,neo4j,10
3,neotechnology,2
3,neptune,4
3,new,3
3,news,90
3,newsgram,20
3,newsletter,57
3,ni,9
3,nic,2
3,nitrr,2
3,no-ip,4
3,nobroker,6
3,noip,1
3,non,8
3,notice,1
3,notifications,50
3,notify,3
3,nptel,14
3,nrsc,596
3,nsit,4
3,nullshot,2
3,nvidia,245
3,olacabs,66
3,olamoney,2
3,olx,2
3,olxemails,2
3,oneplus,8
3,oneplusstore,2
3,onlinerti,3
3,opendns,4
3,oracle-mail,16
3,orders,5
3,oregonstate,1
3,org_unknown,708
3,outernet,6
3,overleaf,17
3,owkin,6
3,panasonic,2
3,papersapp,3
3,pathable,3
3,paytm,16
3,paytmemail,22
3,pbmails,3
3,pesquet,2
3,peterengland,6
3,phonepe,16
3,phpclasses,138
3,piazza,69
3,pinterest,4
3,pitchme,1
3,planet,19
3,plus,8
3,policybazaar,3
3,primevideo,2
3,property,8
3,proto,2
3,pvrcinemas,56
3,quadkopters,15
3,quora,450
3,rapidapi,5
3,razorpay,1
3,rcbazaar,1
3,rcgroups,4
3,readcube,3
3,readme,1
3,ready4,1
3,realtimeboard,3
3,rechargeitnow,4
3,rechargercommandernavigo,1
3,reddit,3
3,redwolf,62
3,referhire,10
3,reglomobile,2
3,remisesetreductions,1
3,reply,91
3,repositoryhosting,15
3,research-mail,6
3,researchgate,27
3,researchgatemail,108
3,revolut,19
3,rit,6
3,robots,1
3,rootwork,1
3,rs-components,36
3,ruprr,12
3,saavnletters,3
3,saiconference,2
3,sampark,120
3,sbi,52
3,science-accueil,1
3,scitevents,1
3,sdl,2
3,se,29
3,send,7
3,server2,2
3,service-airfrance,2
3,sg2plcpnl0071,1
3,sh01,6
3,shakeshack,3
3,sharelatex,9
3,shining3d,6
3,shop,14
3,shriramgeneral,2
3,shriramtravelinsurance,1
3,si53,2
3,signalprocessingsociety,70
3,sketch,6
3,skillpagesmail,4
3,skywatch,1
3,slack,28
3,sm,2
3,smartsheet,6
3,smtpmailbox,6
3,softzen,1
3,soundsnap,1
3,sourced,2
3,splitwise,30
3,spotify,13
3,springboard,19
3,stackexchange,2
3,stackoverflow,2
3,standupalice,118
3,stanford,2
3,staqu,32
3,state,37
3,statebankrewardz,72
3,stockroom,2
3,studapart,1
3,student,3
3,student-cs,2
3,stylusstudio,2
3,supelec,5
3,surveymonkey,2
3,sutlej-mail,2
3,swiggy,14
3,symless,12
3,synergy-project,2
3,synlab,1
3,t,8
3,tagx,2
3,talisman-corporation,2
3,tatasky,3
3,taxiforsure,2
3,teamviewer,3
3,technoidentity,2
3,technolutions,6
3,techstarsassociates,2
3,telecom-sudparis,2
3,templatemonster,4
3,tenettech,2
3,testondemand,2
3,thefork,6
3,theshein,8
3,thomas-earnshaw,3
3,thomascook,63
3,ticket-airfrance,7
3,tikona,4
3,timespoints,6
3,todoist,1
3,topcoder,66
3,topresume,2
3,toptalent,2
3,transferwise,2
3,travel,13
3,trello,12
3,trustpilotmail,1
3,tue,3
3,tufinawatches,3
3,tunitascreek,32
3,tutorco,1
3,twenty19,10
3,twitter,529
3,typeform,1
3,uber,8
3,ubigi,1
3,ucl,1
3,udacity,131
3,umich,8
3,un,2
3,unisys,10
3,universite-paris-saclay,6
3,unqiueindia,2
3,updates,72
3,ups,1
3,upwork,2
3,us,18
3,usebackpack,1017
3,usgs,4
3,usief,46
3,uvpn,1
3,velvetjobs,4
3,verify,1
3,versailles,10
3,vfsglobal,10
3,vincerowatches,3
3,virtuosos,10
3,visale,2
3,visme,1
3,vito,3
3,vodafone,2
3,votenet,6
3,walkfree,24
3,washingtonpost,13
3,web-spicejet,3
3,wish,1
3,witai-2,2
3,wordpress,2
3,workast,3
3,wufoo,2
3,xecutehr,1
3,xprize,25
3,xrce,2
3,yahoo,12
3,yandex,1
3,your-freedom,2
3,youth4work,2
3,youtube,236
3,zamzar,2
3,zen-makemytrip,17
3,zoom,11
3,zoomcybersense,2
3,zoomgroup,28
3,zoov,6
3,zoov-support,2
4,000webhost,2
4,0adz,1
4,126,26
4,2018,8
4,BillHowell,7
4,GoDaddy,4
4,InsideApple,10
4,ZOONIVERSE,8
4,aamaadmiparty,38
4,academia-mail,66
4,accounts,50
4,ace2three,4
4,acm,3
4,acsir,1
4,actu-lpfr,6
4,adum,16
4,afraid,2
4,agents,1
4,aicte-india,7
4,airpostmail,4
4,airtable,52
4,airvistara,6
4,alerts,9
4,aliexpress,12
4,altera,2
4,amazon,640
4,amdocs,2
4,ameli,1
4,ames-it-solutions,3
4,amnh,6
4,angel,86
4,anrt,5
4,app,1
4,applemusic,28
4,arya,2
4,asana,6
4,aspiringminds,10
4,asus,2
4,asuswebstorage,14
4,asvspoof,2
4,atcoder,137
4,atlassian,2
4,autosmail,2
4,awseducate,12
4,bbnl,2
4,be,2
4,bemyapp,1
4,bigbasket,31
4,binghamton,3
4,birthdayfb,4
4,blablacar,4
4,bluedart,1
4,bluemix,3
4,bookings,5
4,bookmyforex,6
4,bookmyshow,17
4,box8letters,6
4,brilliant,15
4,caisse-epargne,3
4,cakewalk,2
4,calendly,9
4,caltech,3
4,cancerimagingarchive,4
4,capellaspace,1
4,cardekho,4
4,cardekholetters,2
4,careers360,4
4,catalystcampus,3
4,causesmail,2
4,cbica,1
4,cbsnewsletter,2
4,centralesupelec,233
4,change,56
4,chronopost,2
4,classroom,42
4,cleartrip,12
4,cloud9,3
4,cloudns,1
4,clubvistara,6
4,cmsworkshops,6
4,cocubes,60
4,codalab,15
4,codebreak,2
4,codecademy,26
4,codechef,96
4,codeschool,16
4,comet,4
4,cometml,3
4,comma,3
4,communication,3
4,congres-vert,1
4,connect,3
4,connect-passengers,2
4,connectifyme,4
4,contact-adh-assurances,1
4,coronainsights,3
4,coupondunia,50
4,coursera,146
4,crazydomains,32
4,creativedestructionlab,1
4,crm,46
4,cromaretail,4
4,crous-versailles,14
4,crowdai,3
4,crowdfightcovid19,7
4,cs,1
4,cse,6
4,cseindia,1
4,cvc,3
4,dailyspeak,6
4,datacamp,2
4,dataquest-0740d8e6e13d,2
4,deeplearning,4
4,delhi,2
4,deliver,17
4,developers,1
4,dexterousdigitech,14
4,dfxnews,2
4,dhingana,6
4,discuss,9
4,diu,2
4,docker,6
4,dominos,4
4,donate,6
4,doodle,5
4,dropbox,26
4,dropboxmail,23
4,dtu,6
4,duolingo,54
4,dyn,2
4,e,46
4,e-mail,50
4,easychair,20
4,ebay,7
4,economictimes,2
4,ecp,17
4,ed,2
4,edm,27
4,educationation,8
4,edx,20
4,eer,3
4,eezyrent,2
4,elitmusmail,4
4,elsevier,1
4,em,6
4,email,82
4,email-marriott,4
4,emailer,6
4,emails,29
4,engage,1
4,entertainment,37
4,entropay,16
4,eos,7
4,equitywatch,2
4,evernote,6
4,explore,4
4,external,2
4,f6s,3
4,facebookappmail,4
4,facebookmail,27
4,filestack,3
4,flat,4
4,flexy,2
4,flickr,3
4,flipkart,39
4,flipkartletters,120
4,flipkartmail,10
4,flipkartpromotions,2
4,fnac,18
4,fossa,1
4,foursquare,2
4,franceconnect,3
4,freedns,2
4,freelancer,12
4,freepik-mail,2
4,freshdesk,6
4,freshersworld,79
4,gaanamail,8
4,gc,3
4,geeksforgeeks,2
4,geniecabs,2
4,getflow,2
4,getpostman,4
4,github,197
4,gitlab,3
4,glassdoor,18
4,gleam,3
4,gliffy,2
4,globalhealth5050,3
4,gmail,321
4,go,1
4,godaddy,2
4,goindigo,1
4,google,355
4,googlegroups,2
4,googlemail,7
4,gotowebinar,2
4,govivace,2
4,gr31,2
4,granular,129
4,graymatics,2
4,hackerearth,107
4,hackerrank,60
4,hackerrankforwork,2
4,hackerrankmail,58
4,hasteroc,2
4,healthconnect,2
4,hindustancopper,2
4,hknu,1
4,holidayiq,1
4,hotmail,11
4,htc,14
4,hyperspacechallenge,3
4,id,6
4,idf,10
4,ieee,71
4,ieee-collabratec,11
4,ieeer8,1
4,iheartdogs-email,26
4,iiitd,4683
4,iit,3
4,iitd,6
4,iitkgp,2
4,iitrpr,2
4,imdb,46
4,impetus,3
4,in,28
4,indianoil,1
4,indiatimes,130
4,info,31
4,innerchef,30
4,inox,4
4,inoxmovies,46
4,inria,25
4,insideapple,16
4,internations,8
4,interviewbit,8
4,intetics,1
4,intl,2
4,invite,6
4,irctc,7
4,ixigo,1
4,jadavpuruniversity,1
4,jmlr,2
4,joytunes,6
4,kaggle,71
4,khanacademy,14
4,klm,1
4,ktj,16
4,l2s,1
4,limnu,5
4,linkedin,241
4,lirmm,2
4,list,2
4,localcirclesmail,4
4,lri,1
4,m,46
4,magento,20
4,magoosh,3
4,mail,121
4,mailer,185
4,mailers,4
4,mailing,2
4,maillist,4
4,mails,26
4,mak,6
4,makemytrip,39
4,makemytripmails,2
4,mansys,3
4,manuscriptcentral,4
4,mapbox,22
4,maptive,1
4,marketing,49
4,marketplace,4
4,marmalademail,2
4,mathworks,3
4,maxar,1
4,mech,2
4,medium,125
4,mellonlabs,1
4,mentor,76
4,messages,46
4,metaspectral,1
4,microsoft,4
4,mitacs,2
4,mixmax,1
4,mktg,1
4,mongodb,2
4,monsterindia,4
4,mp1,29
4,mpi-inf,8
4,msr-cmt,22
4,murraystate,3
4,myntra,8
4,mysliderule,6
4,myynmail,4
4,naaptoldeals,10
4,national,2
4,ncb,7
4,ncp,9
4,ndtvecommerce,10
4,nedm,16
4,neo4j,10
4,neotechnology,2
4,neptune,23
4,new,6
4,news,118
4,newsgram,15
4,newsletter,63
4,ni,6
4,nitkkr,2
4,nitrr,1
4,nobrokerletters,2
4,non,14
4,notification,12
4,notifications,60
4,notify,1
4,nptel,7
4,nrsc,1001
4,nsit,6
4,nullshot,2
4,nvidia,155
4,nvidiadeveloper,6
4,nyu,1
4,olacabs,74
4,olamoney,11
4,olx,6
4,oneclass,2
4,oneplus,4
4,oneplusstore,6
4,onlinerti,12
4,openreview,6
4,oracle-mail,4
4,orders,14
4,org_unknown,747
4,overleaf,7
4,pagarba,1
4,panasonic,3
4,paypal-customerfeedback,2
4,paypal-exchanges,4
4,paytm,16
4,paytmemail,16
4,payu,6
4,payumoney,2
4,pesquet,9
4,phonepe,26
4,phpclasses,134
4,piazza,57
4,pinterest,14
4,pivotaltracker,15
4,plagscan,2
4,planet,13
4,plus,26
4,pophealth,2
4,pornhub,2
4,premiumjobalerts,2
4,primevideo,6
4,promo,2
4,pvrcinemas,45
4,qemailserver,3
4,qgraph,2
4,quora,489
4,rapidapi,2
4,razorpay,2
4,rb,2
4,rcbazaar,3
4,rcgroups,4
4,ready4,6
4,realtimeboard,3
4,redhat,1
4,rediffmail,2
4,rediffnotifications,4
4,redwolf,68
4,referhire,1
4,remisesetreductions,1
4,reply,82
4,repositoryhosting,45
4,researchgate,60
4,researchgatemail,78
4,revolut,3
4,ride,6
4,rit,7
4,royalsundaram,2
4,rs-components,40
4,ruprr,2
4,sampark,146
4,sbi,79
4,schneider-electric,1
4,sci,3
4,science-accueil,1
4,scitevents,2
4,sdl,1
4,se,28
4,send,4
4,server2,8
4,service,2
4,sg,6
4,sh01,4
4,shakeshack,5
4,sharelatex,9
4,shining3d,3
4,shop,12
4,shriramgeneral,4
4,shriramgi,2
4,si36,2
4,si53,4
4,signalprocessingsociety,81
4,sketchup,1
4,skillpagesmail,2
4,skywatch,3
4,slack,60
4,sm,4
4,smtpmailbox,2
4,snapfish,2
4,socialalpha,1
4,softzen,2
4,speakingtree,2
4,splitwise,22
4,spotify,29
4,springboard,62
4,stackoverflow,2
4,standupalice,132
4,staqu,20
4,state,61
4,statebankrewardz,66
4,student,6
4,student-cs,2
4,successfactors,3
4,supelec,6
4,surveymonkey,4
4,swiggy,27
4,symless,14
4,synlab,1
4,t,2
4,talisman-corporation,3
4,taxiforsure,4
4,teabox,1
4,teamviewer,6
4,technolutions,9
4,technophilia,4
4,techtud,2
4,telecom-sudparis,6
4,testondemand,2
4,thefork,6
4,theshein,7
4,thomas-earnshaw,2
4,thomascook,29
4,tikona,4
4,timespoints,2
4,todoist,1
4,toluna,1
4,topcoder,354
4,toptalent,2
4,transferwise,12
4,travel,7
4,trello,8
4,trm,6
4,tti-network,1
4,tue,2
4,tufinawatches,3
4,turing,2
4,twenty19,7
4,twitter,459
4,typeform,1
4,uber,1
4,ubigi,3
4,udacity,122
4,uir,2
4,umich,3
4,un,2
4,un1,4
4,unisys,4
4,univ-mlv,1
4,universite-paris-saclay,10
4,unqiueindia,6
4,updates,54
4,ups,1
4,upwork,1
4,urekascience,1
4,us,8
4,usebackpack,1089
4,usief,35
4,uttyler,3
4,vectormagic,2
4,velvetjobs,3
4,versailles,1
4,vfshelpline,2
4,vincerowatches,1
4,vip,1
4,virtuosos,12
4,visale,2
4,visaops,2
4,visme,2
4,vodafone,6
4,walkfree,17
4,washingtonpost,9
4,web-spicejet,6
4,welcome,3
4,wellesley,1
4,westnet,1
4,witai-2,2
4,wooe,2
4,workast,3
4,wufoo,2
4,xoom,9
4,xprize,34
4,yahoo,10
4,yahoo-inc,1
4,yatra,3
4,youth4work,2
4,youtube,262
4,zen-makemytrip,15
4,zero13wireless,2
4,zettaset,1
4,zoom,15
4,zoomgroup,20
4,zooniverse,8
4,zoov,9
4,zoov-support,2
5,000webhost,4
5,0adz,1
5,10xrecruit,2
5,126,7
5,2shared,2
5,GoDaddy,2
5,InsideApple,3
5,aamaadmiparty,40
5,academia,8
5,academia-mail,31
5,acces-neovote,1
5,account,6
5,accounts,26
5,actu-lpfr,1
5,adm,1
5,admin,2
5,adum,2
5,agencenavigo,5
5,aicte-india,6
5,airfrance,5
5,airindia,4
5,airpostmail,4
5,airtable,15
5,alchemyapi,2
5,alerts,5
5,aliexpress,8
5,amazon,576
5,amdocs,1
5,ameli,1
5,amnh,3
5,angel,15
5,api,2
5,applemusic,3
5,archive,2
5,arrow,1
5,astrospeak,2
5,asus,2
5,asusindiapromo,2
5,asuswebstorage,15
5,asvspoof,2
5,atcoder,85
5,atlassian,6
5,audible,2
5,autodesk,21
5,autodesk360,3
5,autosmail,1
5,awidit,2
5,bg,2
5,bigbasket,12
5,birthdayfb,6
5,bitbucket,2
5,bizee,1
5,bookmyforex,1
5,bookmyshow,10
5,box8letters,11
5,brandshop,4
5,brilliant,14
5,caisse-epargne,3
5,calendly,3
5,caltech,2
5,cardekho,4
5,cardekholetters,2
5,careerfolio,2
5,careers360,2
5,centralesupelec,33
5,change,22
5,chronopost,1
5,cinemasgaumontpathe,9
5,cinemaspathegaumont,3
5,classroom,3
5,clerky,1
5,clippingmagic,2
5,cloudflare,1
5,cnvs,1
5,codecademy,8
5,codechef,64
5,codeschool,4
5,collegeprachaar,2
5,colorado,3
5,commtrends,2
5,connectifyme,2
5,consumer-live,1
5,coursera,59
5,crazydomains,31
5,creately,1
5,creativedestructionlab,1
5,crm,52
5,crous-versailles,2
5,crowdfightcovid19,5
5,cs,3
5,cse,3
5,cseindia,1
5,dailyspeak,8
5,dataquest-0740d8e6e13d,2
5,dexterousdigitech,9
5,dfxinfo,2
5,dfxnews,4
5,dgfip,1
5,digital,2
5,directvote,1
5,dominos,8
5,dominosmails,4
5,donate,6
5,doodle,2
5,dropbox,16
5,dropboxmail,10
5,dtu,2
5,duolingo,155
5,e,26
5,easychair,8
5,ebay,10
5,ecp,6
5,edm,27
5,educationation,2
5,edx,4
5,eezyrent,2
5,elitmusmail,2
5,email,44
5,email-marriott,5
5,emailer,4
5,emails,5
5,engage,4
5,entertainment,19
5,enti,3
5,entropay,8
5,eos,10
5,et,1
5,etihad,6
5,eventbrite,4
5,evernote,7
5,examCrazy,4
5,example,3
5,explore,8
5,express,1
5,f6s,3
5,faasos,6
5,facebookappmail,6
5,facebookmail,31
5,flashrecruit,2
5,flexy,2
5,flipkart,29
5,flipkartletters,151
5,flipkartmail,6
5,fnac,16
5,fortinet,3
5,freelancer,10
5,freshdesk,5
5,freshersworld,12
5,fun-campus,2
5,gaanainfo,8
5,gaanamail,4
5,gate,2
5,gc,3
5,getpostman,2
5,github,77
5,glassdoor,62
5,gmail,231
5,godaddy,10
5,goindigo,1
5,google,1457
5,googlemail,2
5,gotinder,2
5,granular,47
5,hackerearth,28
5,hackerrank,43
5,hackerrankforwork,2
5,hackerrankmail,42
5,happnmail,2
5,horosproject,4
5,hotmail,1
5,housing-mailer,2
5,htc,14
5,htcdev,2
5,hyperspacechallenge,1
5,i-register,4
5,icloudhosting,4
5,ieee,12
5,ieee-collabratec,11
5,iheartdogs-email,10
5,iiitd,2404
5,iist,2
5,iitd,4
5,image-net,2
5,imagekit,2
5,imdb,115
5,impartus,3
5,in,8
5,indeedemail,1
5,indiatimes,6
5,info,19
5,infoaxe,2
5,infos-airfrance,1
5,innerchef,26
5,inox,2
5,inoxmovies,14
5,insideapple,10
5,internations,5
5,interviewbit,4
5,interviewstreet,2
5,invite,2
5,iqcabbbia1svx4,2
5,irctc,7
5,isi,1
5,jiit,2
5,jsrt,1
5,kaggle,6
5,khanacademy,10
5,kotak,2
5,ktj,4
5,linkedin,226
5,live,1
5,localcirclesmail,12
5,m,12
5,magento,6
5,magoosh,3
5,mail,43
5,mailer,137
5,mailers,3
5,mailing,4
5,mails,40
5,makemytripmails,2
5,mapbox,2
5,marketing,30
5,maruti,2
5,mashape,8
5,mathworks,1
5,mea,1
5,medium,123
5,mega,3
5,microsoft,2
5,mit,1
5,mktg,2
5,monsterindia,2
5,mp1,5
5,msr-cmt,14
5,mx2,2
5,myntra,9
5,myopportunity,1
5,myworkday,9
5,naaptoldeals,6
5,national,3
5,ncb,10
5,ncp,3
5,ndtvecommerce,14
5,nedm,8
5,new,33
5,news,26
5,newsgram,6
5,newsletter,72
5,nic,12
5,no-ip,2
5,notifications,42
5,nptel,3
5,nsit,10
5,nullshot,4
5,nvidia,7
5,olacabs,53
5,olamoney,5
5,one,2
5,onlinerti,3
5,org_unknown,572
5,outernet,2
5,outlook,2
5,overleaf,4
5,paytm,8
5,paytmemail,24
5,paytmoffers,2
5,pbmail,5
5,pennmedicine,1
5,pesquet,2
5,phonepe,16
5,phpclasses,130
5,piazza,33
5,piazzacareers,3
5,pinterest,6
5,pivotaltracker,3
5,pizza,1
5,planet,3
5,platip,6
5,plus,10
5,policies,3
5,primevideo,64
5,printfection,2
5,pvrcinemas,17
5,pypi,1
5,quadkopters,6
5,quikr,2
5,quora,351
5,quorg,2
5,razorpay,3
5,rb,2
5,rcbazaar,10
5,rchobbyaddict,2
5,readcube,3
5,ready4,1
5,realtimeboard,3
5,rediffmail,5
5,redwolf,44
5,referhire,2
5,reglomobile,4
5,reply,67
5,repositoryhosting,60
5,researchgate,9
5,researchgatemail,21
5,rs-components,2
5,ruprr,8
5,saiconference,2
5,sampark,82
5,sbi,48
5,scitevents,1
5,se,1
5,securelconnect,1
5,server2,2
5,server4you,2
5,serviceclients,6
5,sh01,2
5,sharelatex,6
5,shop,12
5,shriramgi,2
5,si36,4
5,si53,1
5,signalprocessingsociety,1
5,slack,34
5,sm,2
5,smartystreets,2
5,smtpmailbox,2
5,splitwise,21
5,spotify,4
5,standupalice,4
5,staqu,10
5,state,34
5,statebankrewardz,36
5,student-cs,2
5,studiosport,1
5,supsi,4
5,surveygizmo,1
5,swiggy,21
5,symless,8
5,t,2
5,teamviewer,6
5,technolutions,3
5,technophilia,2
5,telecom-sudparis,4
5,thefork,9
5,thehobbyshop,2
5,theshein,9
5,thesignals,1
5,thomas,1
5,thomas-earnshaw,2
5,thomascook,84
5,timespoint,4
5,timespoints,2
5,todoist,1
5,topcoder,313
5,topresume,2
5,toptalent,6
5,travel,4
5,trello,1
5,truecaller,6
5,tum,8
5,twenty19,2
5,twitter,442
5,typeform,2
5,uber,2
5,ubigi,1
5,ubuntu,2
5,udacity,90
5,ugcmailing,3
5,umich,2
5,un,4
5,un1,2
5,unisys,2
5,universite-paris-saclay,1
5,unqiueindia,1
5,updates,9
5,us,4
5,usebackpack,1053
5,usief,12
5,virtuosos,7
5,vodafone,15
5,walkfree,14
5,washingtonpost,2
5,wdc,4
5,web-spicejet,3
5,wimpmail,2
5,wisdomjobs,2
5,witai-2,2
5,wooe,4
5,xprize,8
5,yahoo,9
5,yatra,5
5,youtube,247
5,zen-makemytrip,14
5,zero13wireless,4
5,zomato,4
5,zoom,1
5,zoomgroup,12
5,zoov,3
5,zoov-support,2
6,000webhost,4
6,126,8
6,172758,2
6,2018,14
6,2checkout,1
6,3ding,3
6,GoDaddy,2
6,HobbyKing,2
6,MachineLearningMastery,4
6,MakeMyTrip,1
6,aamaadmiparty,56
6,academia,4
6,academia-mail,24
6,account,6
6,accounts,52
6,adclicxa,1
6,adum,4
6,af3,3
6,agents,6
6,airfrance,10
6,airindia,1
6,airtable,3
6,alerts,2
6,aliexpress,12
6,allalert,2
6,altera,3
6,amazon,537
6,angel,11
6,applemusic,3
6,applepay,1
6,astrium-geo,1
6,asus,2
6,asusindiapromo,2
6,asuswebstorage,9
6,atcoder,13
6,atmel,4
6,audible,2
6,autosmail,2
6,bigbasket,9
6,binghamton,3
6,birthdayfb,8
6,bluemix,3
6,booking,3
6,bookmyshow,4
6,box8letters,6
6,brandshop,2
6,brilliant,24
6,calendly,7
6,caltech,1
6,cardekho,2
6,careers360,6
6,causesmail,4
6,cc,3
6,centralesupelec,50
6,centrepompidou,3
6,change,10
6,cibleicon,1
6,citruspay,3
6,ciudad,1
6,class,2
6,clerky,2
6,cocubes,18
6,codalab,3
6,codecademy,2
6,codechef,9
6,comet,1
6,communication,2
6,connectedphotos,3
6,contact,5
6,coupondunia,2
6,coursera,72
6,crazydomains,8
6,creativedestructionlab,3
6,critical,2
6,crm,46
6,crous-versailles,2
6,crowdfightcovid19,2
6,cse,5
6,customer,8
6,ddunationalseminarsc,2
6,dexterousdigitech,9
6,dfxnews,2
6,dhingana,6
6,dhruvkumarjha,1
6,digital,4
6,digitalglobe,3
6,dmrc,2
6,dominos,16
6,donate,6
6,doodle,2
6,dropbox,10
6,dropboxmail,6
6,duolingo,41
6,e,25
6,e-mail,2
6,easychair,10
6,ebay,8
6,ecp,14
6,edc,2
6,edm,22
6,edx,40
6,eer,3
6,einsteinathome,2
6,elsevierhealth,1
6,em,3
6,email,38
6,email-marriott,1
6,email-support,3
6,emailer,2
6,emails,3
6,entertainment,7
6,entropay,14
6,eos,14
6,epoch,2
6,et,3
6,ettus,2
6,eudyptula-challenge,2
6,explore,6
6,f6s,2
6,faasos,3
6,facebookappmail,6
6,facebookmail,55
6,fccashback,2
6,filestack,2
6,flipkart,18
6,flipkartletters,116
6,flipkartmail,2
6,fnac,18
6,foursquare,2
6,france-visas,6
6,freelancer,8
6,freshdesk,2
6,freshersworld,4
6,gaanamail,2
6,gc,2
6,github,125
6,glassdoor,46
6,gmail,165
6,godaddy,2
6,goindigo,5
6,google,386
6,googlemail,2
6,gotinder,1
6,grabhouse,4
6,granular,44
6,hackerearth,28
6,hackerrank,36
6,hackerrankmail,56
6,hobbyking,2
6,hobsons,3
6,horosproject,3
6,hotmail,3
6,htc,14
6,hulumail,3
6,icicilombard,2
6,id,3
6,ieee,16
6,ieee-collabratec,11
6,ig,2
6,iheartdogs,2
6,iheartdogs-email,18
6,iiitd,2084
6,iitd,6
6,iitk,2
6,iitm,4
6,iledefrance-mobilites,1
6,image-net,2
6,imagekit,2
6,imdb,14
6,imindmap,3
6,in,3
6,info,13
6,infos-airfrance,3
6,innerchef,24
6,inoxmovies,4
6,insideapple,13
6,internations,2
6,interviewbit,5
6,intetics,2
6,intl,4
6,invite,2
6,irctc,12
6,isi,3
6,jeevansathi,4
6,joinux,3
6,joytunes,9
6,kdc9otdk91qkqg,2
6,khanacademy,26
6,ktj,4
6,leanpub,2
6,libre,1
6,linkedin,157
6,list,2
6,localcirclesmail,10
6,m,8
6,m2i,2
6,magento,10
6,magnemit,2
6,mail,92
6,mailer,160
6,mailers,3
6,mailing,2
6,mails,7
6,makemytrip,20
6,manuscriptcentral,1
6,marketing,9
6,marketmetrics,2
6,mashape,2
6,maxar,1
6,medium,121
6,menara,2
6,mentor,10
6,microsoft,2
6,mp1,9
6,msr-cmt,7
6,myamcat,2
6,myntra,6
6,myopportunity,3
6,naaptoldeals,4
6,national,1
6,nature,1
6,ncb,6
6,ncp,8
6,ndtvecommerce,14
6,nedm,4
6,new,3
6,news,26
6,newsgram,1
6,newsletter,63
6,ni,6
6,nitrr,1
6,notice,1
6,notifications,43
6,nptel,7
6,nvidia,7
6,nvidiadeveloper,2
6,olacabs,37
6,olamoney,1
6,one,2
6,oneclass,2
6,orders,2
6,org_unknown,472
6,overleaf,4
6,papercept,3
6,paytm,23
6,paytmemail,26
6,payumoney,6
6,pbmails,1
6,phonepe,7
6,phpclasses,124
6,piazza,33
6,piazzacareers,42
6,pinterest,2
6,pizza,3
6,planet,12
6,plus,16
6,preferred,2
6,primevideo,12
6,printfection,1
6,projectfree,2
6,psycom,2
6,pvrcinemas,8
6,quadkopters,7
6,quikr,2
6,quora,474
6,razorpay,2
6,rb,2
6,readcube,3
6,readme,2
6,realtimeboard,3
6,reddit,1
6,redditmail,1
6,rediffnotifications,2
6,redwolf,32
6,remail,3
6,remisesetreductions,2
6,reply,78
6,repositoryhosting,54
6,researchgate,9
6,revolut,1
6,rit,5
6,ruprr,6
6,saips,2
6,salesforce,2
6,sampark,24
6,sbi,74
6,se,1
6,send,20
6,server40,1
6,service,2
6,service-airfrance,7
6,sg,6
6,sh01,2
6,sharelatex,3
6,shop,10
6,si36,2
6,si53,4
6,signalprocessingsociety,1
6,slack,38
6,smtpmailbox,2
6,splitwise,20
6,spotify,5
6,springboard,4
6,stackoverflow,6
6,standupalice,1
6,staqu,24
6,statebankrewardz,20
6,steampowered,2
6,studapart,4
6,student,1
6,swiggy,2
6,symless,4
6,teamviewer,14
6,technolutions,3
6,technophilia,2
6,telecom-sudparis,1
6,thefork,12
6,theshein,8
6,thomascook,24
6,timespoints,2
6,todoist,2
6,toluna,1
6,topcoder,38
6,transferwise,10
6,travel,6
6,trello,4
6,truecaller,2
6,trustpilotmail,1
6,tum,2
6,turing,2
6,twitter,421
6,typeform,1
6,uber,2
6,udacity,100
6,umd,2
6,umich,1
6,un1,2
6,unisys,2
6,universitadipavia,1
6,universite-paris-saclay,1
6,unqiueindia,1
6,updates,9
6,us,2
6,usebackpack,890
6,usgs,3
6,usief,2
6,uttyler,3
6,versailles,1
6,virtualtaboo,1
6,virtuosos,2
6,vodafone,4
6,walkfree,10
6,whatpulse,2
6,wooe,2
6,worldbank,2
6,xprize,23
6,yahoo,9
6,yahoo-inc,3
6,yandex,1
6,ymail,2
6,youtube,220
6,zen-makemytrip,14
6,zen2-makemytrip,1
6,zero13wireless,2
6,zoom,2
6,zoomgroup,16
6,zoov-support,2
